{"cameraMode":{"drawMode":0,"name":"Shaded","section":"Shading Mode"},"sceneLighting":true,"audioPlay":false,"sceneViewState":{"showFog":true,"showMaterialUpdate":false,"showSkybox":true,"showFlares":true,"showImageEffects":true,"showParticleSystems":true},"in2DMode":false,"pivot":{"x":-1.549102783203125,"y":1.1121397018432618,"z":-5.02764368057251},"rotation":{"x":0.09378517419099808,"y":0.7707903385162354,"z":-0.11673767119646073,"w":0.6192405223846436},"size":22.251708984375,"orthographic":false}