{"cameraMode":{"drawMode":0,"name":"Shaded","section":"Shading Mode"},"sceneLighting":true,"audioPlay":false,"sceneViewState":{"showFog":true,"showMaterialUpdate":false,"showSkybox":true,"showFlares":true,"showImageEffects":true,"showParticleSystems":true},"in2DMode":false,"pivot":{"x":-11.303115844726563,"y":4.784719944000244,"z":1.9221000671386719},"rotation":{"x":-0.003992888145148754,"y":0.9398872256278992,"z":-0.3412863314151764,"w":-0.010996290482580662},"size":10.952004432678223,"orthographic":false}