{"cameraMode":{"drawMode":0,"name":"Shaded","section":"Shading Mode"},"sceneLighting":true,"audioPlay":false,"sceneViewState":{"showFog":true,"showMaterialUpdate":false,"showSkybox":true,"showFlares":true,"showImageEffects":true,"showParticleSystems":true},"in2DMode":false,"pivot":{"x":17.329715728759767,"y":-0.40967464447021487,"z":3.511157512664795},"rotation":{"x":0.0745338648557663,"y":0.648304283618927,"z":-0.06399764865636826,"w":0.7550192475318909},"size":20.81465721130371,"orthographic":false}