{"cameraMode":{"drawMode":0,"name":"Shaded","section":"Shading Mode"},"sceneLighting":false,"audioPlay":false,"sceneViewState":{"showFog":true,"showMaterialUpdate":false,"showSkybox":true,"showFlares":true,"showImageEffects":true,"showParticleSystems":true},"in2DMode":false,"pivot":{"x":84.2770767211914,"y":21.148151397705079,"z":28.70778465270996},"rotation":{"x":0.011448021046817303,"y":0.9731919169425964,"z":-0.0496758408844471,"w":0.22427645325660706},"size":90.53742980957031,"orthographic":false}