{"cameraMode":{"drawMode":0,"name":"Shaded","section":"Shading Mode"},"sceneLighting":false,"audioPlay":false,"sceneViewState":{"showFog":true,"showMaterialUpdate":false,"showSkybox":false,"showFlares":true,"showImageEffects":true,"showParticleSystems":true},"in2DMode":false,"pivot":{"x":-0.06602048873901367,"y":7.704470634460449,"z":1.4708619117736817},"rotation":{"x":0.10262410342693329,"y":0.7124155163764954,"z":-0.10657844692468643,"w":0.6859848499298096},"size":18.55139923095703,"orthographic":false}